name,blood_group,phone,email,address
Rajesh Kumar,A+,9876543210,rajesh.kumar@example.com,12 Anna Nagar, Chennai
Priya M,A-,8765432109,priya.m@example.com,45 T Nagar, Chennai
Arun Joshi,B+,7654321098,arun.joshi@example.com,78 Velachery, Chennai
Meena S,B-,6543210987,meena.s@example.com,23 Adyar, Chennai
Vikram Patel,AB+,5432109876,vikram.patel@example.com,56 Nungambakkam, Chennai
Ananya G,AB-,4321098765,ananya.g@example.com,89 Mylapore, Chennai
Suresh R,O+,3210987654,suresh.r@example.com,34 Chromepet, Chennai
Deepa K,O-,2109876543,deepa.k@example.com,67 Tambaram, Chennai
Karthik M,A+,1098765432,karthik.m@example.com,90 Perungudi, Chennai
Divya P,A-,9876543211,divya.p@example.com,43 OMR, Chennai
Manoj S,B+,8765432101,manoj.s@example.com,76 Pallavaram, Chennai
Swetha R,B-,7654321092,swetha.r@example.com,19 Porur, Chennai
Harish K,AB+,6543210983,harish.k@example.com,52 Guindy, Chennai
Nandini V,AB-,5432109874,nandini.v@example.com,85 Saidapet, Chennai
Prakash N,O+,4321098765,prakash.n@example.com,28 Koyambedu, Chennai
Lakshmi S,O-,3210987656,lakshmi.s@example.com,61 Vadapalani, Chennai
Rahul D,A+,2109876547,rahul.d@example.com,94 Ashok Nagar, Chennai
Geetha M,A-,1098765438,geetha.m@example.com,37 KK Nagar, Chennai
Senthil K,B+,9876543219,senthil.k@example.com,70 West Mambalam, Chennai
Malini R,B-,8765432100,malini.r@example.com,13 Virugambakkam, Chennai
Vijay S,AB+,7654321091,vijay.s@example.com,46 Madipakkam, Chennai
Shanti P,AB-,6543210982,shanti.p@example.com,79 Medavakkam, Chennai
Gopal N,O+,5432109873,gopal.n@example.com,22 Thiruvanmiyur, Chennai
Uma M,O-,4321098764,uma.m@example.com,55 Besant Nagar, Chennai
Bala K,A+,3210987655,bala.k@example.com,88 Egmore, Chennai
Chitra V,A-,2109876546,chitra.v@example.com,31 Triplicane, Chennai
Dinesh P,B+,1098765437,dinesh.p@example.com,64 Royapuram, Chennai
Eswari S,B-,9876543218,eswari.s@example.com,97 Purasawalkam, Chennai
Farook M,AB+,8765432109,farook.m@example.com,20 Kilpauk, Chennai
Gayathri R,AB-,7654321090,gayathri.r@example.com,53 Ambattur, Chennai
Hari K,O+,6543210981,hari.k@example.com,86 Avadi, Chennai
Indira S,O-,5432109872,indira.s@example.com,29 Poonamallee, Chennai
Jagan M,A+,4321098763,jagan.m@example.com,62 Red Hills, Chennai
Kavitha V,A-,3210987654,kavitha.v@example.com,95 Ennore, Chennai
Loganathan P,B+,2109876545,loganathan.p@example.com,28 Manali, Chennai
Mythili S,B-,1098765436,mythili.s@example.com,51 Minjur, Chennai
Naveen K,AB+,9876543217,naveen.k@example.com,74 Tiruvottiyur, Chennai
Oviya M,AB-,8765432108,oviya.m@example.com,17 Tondiarpet, Chennai
Prabhu S,O+,7654321099,prabhu.s@example.com,40 Washermanpet, Chennai
Queen R,O-,6543210980,queen.r@example.com,63 George Town, Chennai
Ramesh K,A+,5432109871,ramesh.k@example.com,96 Parrys, Chennai
Sowmya V,A-,4321098762,sowmya.v@example.com,39 Broadway, Chennai
Tharun P,B+,3210987653,tharun.p@example.com,72 High Court, Chennai
Usha M,B-,2109876544,usha.m@example.com,05 Marina Beach, Chennai
Vimal K,AB+,1098765435,vimal.k@example.com,38 Santhome, Chennai
Yamuna R,AB-,9876543216,yamuna.r@example.com,71 Foreshore Estate, Chennai
Zahir S,O+,8765432107,zahir.s@example.com,04 Chepauk, Chennai
Aarthi M,O-,7654321098,aarthi.m@example.com,27 Chintadripet, Chennai
Bharath K,A+,6543210989,bharath.k@example.com,50 Thousand Lights, Chennai
Chandru V,A-,5432109870,chandru.v@example.com,73 Gopalapuram, Chennai
Dhivya P,B+,4321098761,dhivya.p@example.com,96 Alwarpet, Chennai
Elango S,B-,3210987652,elango.s@example.com,29 RA Puram, Chennai
Fathima M,O+,2109876543,fathima.m@example.com,52 Mandaveli, Chennai
Ganesh K,O-,1098765434,ganesh.k@example.com,75 Abhiramapuram, Chennai
Hemalatha V,A+,9876543215,hemalatha.v@example.com,98 Kotturpuram, Chennai
Ishwar P,A-,8765432106,ishwar.p@example.com,21 Gandhi Nagar, Chennai
Jayanthi S,B+,7654321097,jayanthi.s@example.com,44 Indira Nagar, Chennai
Kousalya M,B-,6543210988,kousalya.m@example.com,67 Jafferkhanpet, Chennai
Lokesh K,AB+,5432109879,lokesh.k@example.com,90 Kodambakkam, Chennai
Madhavi V,AB-,4321098760,madhavi.v@example.com,13 Teynampet, Chennai
Nithya S,O+,3210987651,nithya.s@example.com,36 Greams Road, Chennai
Om Prakash M,O-,2109876542,om.prakash@example.com,59 Boat Club, Chennai
Pavithra K,A+,1098765433,pavithra.k@example.com,82 Cenotaph Road, Chennai
Qadir S,A-,9876543214,qadir.s@example.com,05 Cathedral Road, Chennai
Radhika M,B+,8765432105,radhika.m@example.com,28 Wallace Garden, Chennai
Sathish K,B-,7654321096,sathish.k@example.com,51 Eldams Road, Chennai
Tamilselvi V,AB+,6543210987,tamilselvi.v@example.com,74 Vannanthurai, Chennai
Udhaya M,AB-,5432109878,udhaya.m@example.com,97 Shenoy Nagar, Chennai
Vasanthi S,O+,4321098769,vasanthi.s@example.com,20 Kolathur, Chennai
Wilson K,O-,3210987650,wilson.k@example.com,43 Ayanavaram, Chennai
Xavier P,A+,2109876541,xavier.p@example.com,66 Perambur, Chennai
Yuvasri M,A-,1098765432,yuvasri.m@example.com,89 Vyasarpadi, Chennai
Zareena K,B+,9876543213,zareena.k@example.com,12 Sembium, Chennai
Akilandeswari V,B-,8765432104,akila.v@example.com,35 Pulianthope, Chennai
Balaji S,AB+,7654321095,balaji.s@example.com,58 Mint, Chennai
Chandrika M,AB-,6543210986,chandrika.m@example.com,81 Park Town, Chennai
Dhanush K,O+,5432109877,dhanush.k@example.com,04 Flower Bazaar, Chennai
Ezhil S,O-,4321098768,ezhil.s@example.com,27 Sowcarpet, Chennai
Feroz M,A+,3210987659,feroz.m@example.com,50 Mannady, Chennai
Gowri V,A-,2109876540,gowri.v@example.com,73 Basin Bridge, Chennai
Hemanth P,B+,1098765431,hemanth.p@example.com,96 Korukkupet, Chennai
Ilavarasi S,B-,9876543212,ilavarasi.s@example.com,19 Tondiarpet, Chennai
Jeevan K,AB+,8765432103,jeevan.k@example.com,42 Royapuram, Chennai
Kirthika M,AB-,7654321094,kirthika.m@example.com,65 Kasimedu, Chennai
Lavanya S,O+,6543210985,lavanya.s@example.com,88 Ennore Port, Chennai
Mohan K,O-,5432109876,mohan.k@example.com,11 Manali New Town, Chennai
Naveena V,A+,4321098767,naveena.v@example.com,34 Kathivakkam, Chennai
Omprakash S,A-,3210987658,omprakash.s@example.com,57 Minjur, Chennai
Pooja M,B+,2109876549,pooja.m@example.com,80 Ponneri, Chennai
Qutubuddin K,B-,1098765430,qutub.k@example.com,03 Gummidipoondi, Chennai
Rani S,AB+,9876543211,rani.s@example.com,26 Tiruvallur, Chennai
Sathya M,AB-,8765432102,sathya.m@example.com,49 Poonamallee, Chennai
Thilaga V,O+,7654321093,thilaga.v@example.com,72 Sriperumbudur, Chennai
Umapathy S,O-,6543210984,umapathy.s@example.com,95 Chengalpattu, Chennai
Vijayalakshmi K,A+,5432109875,vijayalakshmi.k@example.com,18 Tambaram, Chennai
Walter M,A-,4321098766,walter.m@example.com,41 Vandalur, Chennai
Xerxes S,B+,3210987657,xerxes.s@example.com,64 Kelambakkam, Chennai
Yogesh K,B-,2109876548,yogesh.k@example.com,87 OMR, Chennai
Zubeida M,AB+,1098765439,zubeida.m@example.com,10 Sholinganallur, Chennai
Aarav S,AB-,9876543210,aarav.s@example.com,33 Semmenchery, Chennai
Bhavani K,O+,8765432101,bhavani.k@example.com,56 Uthandi, Chennai
Chetan M,O-,7654321092,chetan.m@example.com,79 Neelankarai, Chennai
Dhanalakshmi V,A+,6543210983,dhanalakshmi.v@example.com,02 Injambakkam, Chennai
Elanchezhiyan S,A-,5432109874,elanchezhiyan.s@example.com,25 Akkarai, Chennai
